"r.squared","adj.r.squared","f.statistic","df1","df2"
0.060456689345246,0.0266601673792477,1.78884352082352,5,139
